Subject,Calculator Name,Website URL,Core Formula/Method,Distance Range Covered,Required Inputs,Outputs Provided,Sprint Event Handling,Known Weaknesses & Criticisms,Energy System Awareness,Unique Differentiating Features,Coach Credibility Score,Coach Credibility Reasoning,Error
Riegel Formula race time prediction calculator (T2 = T1 × (D2/D1)^1.06) - the original 1977 formula used by most basic calculators,Riegel Formula Race Time Predictor,https://www.omnicalculator.com/sports/race-predictor,"The core mathematical formula used by the Riegel Race Time Predictor is T2 = T1 × (D2 / D1)^1.06. In this equation, T1 represents the time achieved recently on a specific distance, D1 is the distance over which that time was achieved, D2 is the new distance for which the time is being predicted, and T2 is the predicted time for the new distance. The exponent 1.06 is considered a universal fatigue factor, assuming that a runner's pace declines predictably as the distance increases. Specifically, doubling the distance increases the time by a factor of approximately 2.08. This formula is based on the observation that as running distance increases, pace typically slows down in a predictable pattern, provided the runner has done appropriate training for the target distance.",1500m to Marathon (activities lasting 3.5 to 230 minutes),"Previous race distance, Previous race time, Upcoming race distance",Predicted race time for the upcoming distance,"The Riegel Formula is not designed for sprint events. It is explicitly stated to be less accurate for times under 3.5 minutes, which excludes standard sprint distances like 100m, 200m, and 400m. The formula assumes a predictable decline in pace over longer distances, which does not apply to the anaerobic energy systems predominantly used in sprinting. Therefore, it does not reliably attempt sprint prediction from distance times, nor does it accurately predict distance times from sprint inputs.","The Riegel Formula has several documented weaknesses and criticisms. Primarily, it assumes a universal fatigue factor (1.06) and does not account for individual physiological differences, such as muscle fiber composition (fast-twitch vs. slow-twitch dominance). As a result, it often over-predicts marathon times for speed-oriented runners (fast-twitch dominant) based on their shorter race inputs, and conversely, it may under-predict sprint or shorter distance times for endurance-oriented runners (slow-twitch dominant). Additionally, the formula assumes the runner has completed appropriate training for the target distance, which is often not the case for recreational runners moving up to a marathon. It also ignores external factors like wind, temperature, humidity, and elevation, as well as the runner's pacing execution and glycogen depletion during longer races. The formula is noted to be less accurate for times under 3.5 minutes and over 4 hours.",None - treats all distances as single continuum,"The Riegel Formula's unique feature is its elegant simplicity and the use of a specific exponent (1.06) as a universal fatigue factor. Unlike more complex models that require extensive physiological data or multiple race inputs, Riegel's formula only requires one previous race time and distance to predict performance at another distance. This makes it highly accessible and easy to use, which is why it has remained a foundational tool in running calculators since its publication in 1977. It adjusts for distance non-linearly, recognizing that pace slows as distance increases, rather than simply multiplying the time by the distance ratio.",6,"A knowledgeable track/XC coach would likely view the Riegel Formula with a mix of respect and caution. On one hand, it is a foundational tool that provides a reasonable baseline for predicting race times across middle to long distances, making it useful for setting initial training paces and goals. On the other hand, coaches understand that human physiology is not purely mathematical. The formula assumes a uniform fatigue factor (1.06) and does not account for individual variations in muscle fiber composition (fast-twitch vs. slow-twitch), training history, environmental conditions, or pacing execution. Therefore, while a coach might use it as a starting point, they would not trust it blindly, especially for runners transitioning between significantly different distances or those with distinct physiological profiles.",
Jack Daniels VDOT Running Calculator (runsmartproject.com or danielsrunningformula.com) - the gold standard for distance running,Jack Daniels VDOT Calculator,https://vdoto2.com/calculator,"The VDOT calculation uses a regression equation relating oxygen cost to velocity and sustainable effort over time. The formula is: VDOT = (−4.60 + 0.182258 × V + 0.000104 × V²) ÷ (0.8 + 0.1894393 × e^(−0.012778×T) + 0.2989558 × e^(−0.1932605×T)), where V is velocity in meters per minute, T is time in minutes, and e is Euler's number (2.718...). The numerator estimates the oxygen cost at a given running velocity, accounting for the non-linear increase in oxygen demand at higher speeds. The denominator calculates the fraction of VO2max a runner can sustain for a given duration, modeling the exponential decay from anaerobic to aerobic energy systems as race duration increases.",1500m to Marathon,"Race distance, Race time","VDOT score, Equivalent race times for standard distances, Training paces for 5 zones (Easy, Marathon, Threshold, Interval, Repetition)","The VDOT calculator is not designed for pure sprint events (100m, 200m, 400m). While it provides a \""Repetition\"" (R) training pace for short intervals (e.g., 200m-400m repeats) to improve speed and running economy, it does not accurately predict sprint race times from distance performances, as sprints rely primarily on the ATP-CP and anaerobic glycolytic systems rather than the aerobic system modeled by VDOT.","The primary weakness of the VDOT calculator is that it assumes equal training specificity and optimal conditions for all distances. It frequently over-predicts marathon times for runners who have strong 5K/10K times but lack the necessary long-distance endurance volume and muscular durability. It also does not account for individual differences in running economy or muscle fiber type distribution. Furthermore, it is not designed for sprint distances (100m-400m) and will inaccurately predict sprint times from distance inputs, as it relies on aerobic capacity models rather than anaerobic power and neuromuscular speed.","Accounts for different energy systems by providing specific training paces (Easy, Marathon, Threshold, Interval, Repetition) that target aerobic base, lactate threshold, VO2max, and neuromuscular speed/economy, modeling the transition from anaerobic to aerobic systems as duration increases.","Unlike simple pace calculators, VDOT combines VO2max and running economy into a single pseudo-VO2max score. It works backward from this score to provide physiologically calibrated training paces for five distinct zones (E, M, T, I, R), ensuring workouts target specific physiological adaptations rather than arbitrary percentages of race pace.",9,"A knowledgeable track/XC coach would highly trust this tool for distance events (1500m to marathon) because it is based on decades of empirical data and physiological testing by Dr. Jack Daniels and Jimmy Gilbert. It provides highly accurate, physiologically sound training paces (Easy, Marathon, Threshold, Interval, Repetition) that target specific energy systems. However, coaches know its limitations: it assumes equal training specificity across all distances, meaning it can over-predict marathon times for runners who lack endurance volume, and it is not designed for pure sprint events (100m-400m) where neuromuscular power and anaerobic capacity dominate over aerobic fitness.",
Peter Riegel / RunningUSA / Runners World race equivalency calculator online,Peter Riegel Race Equivalency Calculator,https://www.runnersworld.com/uk/training/a761671/rws-race-time-predictor/,"The core formula developed by Peter Riegel is an empirical power-law equation used to predict race times across different distances. The exact mathematical formula is: T2 = T1 × (D2 / D1)^1.06. In this equation, T1 represents the known time achieved at a specific distance (D1), and T2 is the predicted time for the target distance (D2). The exponent 1.06 is a fatigue factor derived from analyzing world-class performances, representing the rate at which human performance degrades as distance increases. This means that as the distance doubles, the time required more than doubles (specifically, it increases by a factor of about 2.08). The formula assumes that the runner has trained appropriately for both distances and that the races are run under similar, ideal conditions.",1500m to Marathon (typically 3.5 to 230 minutes of activity),"Recent Race Distance, Recent Race Time, Target Race Distance","Predicted Target Race Time, Predicted Target Race Pace","The Riegel formula does not handle sprint events (100m, 200m, 400m) effectively. It was calibrated primarily on middle and long-distance world records (typically events lasting between 3.5 and 230 minutes). Because it relies on a single fatigue exponent (1.06) that models aerobic degradation, it cannot account for the anaerobic alactic (ATP-CP) and anaerobic lactic (glycolytic) energy systems that dominate sprints. Attempting to predict sprint times from distance inputs, or vice versa, results in highly inaccurate and unrealistic predictions.","The Riegel formula has several documented weaknesses. First, it assumes proportional aerobic development and optimal training for the target distance, often leading to over-predicted (too fast) marathon times for recreational runners who lack sufficient weekly mileage or long-run endurance. Second, it does not account for individual physiological differences, such as muscle fiber composition; fast-twitch dominant runners will find their long-distance predictions impossibly fast, while slow-twitch runners may underperform at shorter distances. Third, it ignores external factors like course elevation, temperature, humidity, and wind. Finally, it fails completely when applied to sprint distances (100m-400m) because it does not model the anaerobic energy systems that dominate those events, treating all running as a single aerobic continuum.","None - treats all distances as single continuum. The formula does not account for the transition between different energy systems (ATP-CP, glycolytic, aerobic) and assumes a uniform degradation of pace based on distance.","The unique feature of the Riegel formula is its elegant simplicity and historical significance as the foundational mathematical model for race prediction. By using a single empirical fatigue exponent (1.06) derived from world-class performances, it provides a universal baseline that requires only two inputs (a known distance and time) to predict performance across a wide range of endurance events. While modern tools may add complex adjustments for training volume or physiology, Riegel's power-law equation remains the core engine behind almost all standard race calculators, offering a mathematically pure representation of human endurance scaling.",6,"A knowledgeable track/XC coach would likely view the Riegel formula with a mix of respect and skepticism. They would trust it as a general baseline or starting point for predicting middle-to-long distance performances (e.g., 5K to 10K or Half Marathon) because it provides a mathematically sound approximation of how pace slows with distance. However, they would not trust it blindly, especially for predicting marathon times from short races (like a 5K) or for sprint events. Coaches know that the formula assumes optimal endurance training, flat courses, and perfect pacing, which most runners lack. Furthermore, it completely ignores individual physiological differences such as muscle fiber composition (fast-twitch vs. slow-twitch) and energy system dominance. Therefore, a coach would use it as a rough guide but rely more on their athlete's specific training history, mileage, and recent workouts to set realistic race goals.",
Cameron Race Time Prediction formula (David Cameron prediction model alternative to Riegel),Cameron Race Time Prediction formula,https://runbundle.com/tools/race-predictors/general-race-predictors,"The Cameron formula uses a variable exponent that decays with input distance to predict race times. The formula is: T2 = (T1 ÷ D1) × D2 × (f(D1) ÷ f(D2)), where f(x) = 13.49681 − (0.000030363 × x) + (835.7114 ÷ x^0.7905). T1 is the known time in seconds, D1 is the known distance in meters, T2 is the predicted time in seconds, and D2 is the target distance in meters. Alternatively, it can be approximated as T2 = T1 × (D2 / D1)^(1.06 − 0.0026 × D1mi), where D1mi is the input distance in miles. This variable exponent approach addresses the limitation of Riegel's fixed exponent by adjusting the fade rate based on the distance.",800m to Marathon,"Known race distance, Known race time","Predicted race time, Predicted pace","The Cameron formula is not designed for sprint events (100m-400m). It is claimed to work best for distances from 800m to the marathon. It does not accurately predict sprint times from distance inputs because it models aerobic fade rather than anaerobic power and top speed, which are the primary factors in sprint performance.","The primary weakness of the Cameron formula, like other mathematical predictors, is that it assumes the runner is equally well-trained for both the input and target distances. It does not account for the detraining of long-run endurance, fueling errors, or the 'wall' in marathons. Consequently, it can over-predict marathon times for runners who lack sufficient long-run training or aerobic base. Additionally, because it is optimized for distances from 800m to the marathon, it is unreliable for sprint events (100m-400m) and may under-predict sprint times from distance inputs, as it does not account for the anaerobic power required for sprints.",None - treats all distances as single continuum,"Unlike Riegel's formula, which uses a fixed fade exponent (typically 1.06), the Cameron formula uses a variable exponent that decays as the input distance increases. This makes it more accurate for long extrapolations, such as predicting a marathon time from a 5K or 10K, because it recognizes that the performance drop-off is not a simple power law and varies depending on the distance.",6,"A knowledgeable track/XC coach would likely have moderate trust in this tool. While it improves upon Riegel's formula by using a variable exponent that decays with distance (preventing over-prediction for long distances), it still relies purely on mathematical extrapolation without accounting for individual physiological differences, training history, or specific energy system development. Coaches know that a runner's ability to convert a 5K time to a marathon depends heavily on their aerobic base, long runs, and fueling strategy, none of which the formula considers. It is useful as a baseline or theoretical ceiling, but not as a definitive race day predictor without context.",
Purdy Points system for comparing running performances across distances,Purdy Points System,https://run-down.com/statistics/calcs_explained.php,"The Purdy Points system is based on the Portuguese Scoring Tables, which were compiled in 1936 and assigned an arbitrary score of 950 points to the world record performances of that time. Later, J. Gerry Purdy developed an equation to estimate these points based on men's world records as of 1970. The core calculation involves determining a velocity (v) from the given distance and time. A constant 'k' is calculated as k = 0.0654 - 0.00258 * v. Then, two intermediate variables are computed: a = 85 / k and b = 1 - 950 / a. Finally, the Purdy points are calculated using the formula: points = a * (t950 / seconds - b), where 't950' represents the time that would score exactly 950 points for that specific distance, and 'seconds' is the actual time achieved by the runner. This mathematical model allows for the comparison of performances across different distances by assigning them a standardized point value, with higher points indicating a performance closer to the world record standard.","Sprints (e.g., 100m) to Marathon","Distance, Time","Purdy Points score, Equivalent times for other distances","The Purdy Points system does handle sprint events (e.g., 100m, 200m, 400m) and can attempt to predict sprint times from distance performances, or vice versa. It is often cited as being one of the better models for predicting comparable performances in events shorter than a mile. However, because it relies on a generalized mathematical curve based on world records, its predictions for sprints based on long-distance inputs (and vice versa) can be inaccurate for individual athletes who have distinct physiological profiles favoring either speed or endurance.","A primary weakness of the Purdy Points system is its reliance on a single performance to generate a generalized curve, which fails to account for individual differences in an athlete's speed-to-endurance profile. It tends to be most accurate for distances close to the input event but loses precision when extrapolating across widely different distances. For instance, it may over-predict marathon times for a middle-distance specialist or under-predict sprint times for a distance runner, as it assumes a standard drop-off in speed that doesn't apply universally. Furthermore, because it is based on historical world records, it may not perfectly reflect the performance curves of average or recreational runners. The system also does not explicitly factor in the distinct physiological energy systems (ATP-CP, glycolytic, aerobic) that dominate different events, treating the performance continuum primarily as a mathematical relationship between speed and distance.",None - treats all distances as single continuum,"Unlike simple ratio-based predictors (like Riegel's formula), the Purdy Points system assigns a standardized numerical \""worth\"" to a performance based on historical world record curves (the Portuguese Scoring Tables). This allows for an objective rating system where a runner can compare their relative ability across disparate events (e.g., comparing a 100m time to a 5K time) to identify their strongest event, rather than just predicting a time for a new distance.",7,"A knowledgeable track/XC coach would have moderate to high trust in the Purdy Points system, particularly for middle-distance and distance events. The system is grounded in historical world record data (the Portuguese Scoring Tables) and provides a mathematically sound way to compare performances across different distances. Coaches appreciate its ability to assign a \""worth\"" to a performance, allowing them to evaluate an athlete's relative strength in different events. However, coaches also recognize its limitations. It assumes a specific relationship between speed and distance that may not hold true for all athletes, especially those who are heavily skewed towards either speed or endurance. Furthermore, its accuracy diminishes when extrapolating from very short sprints to long distances, or vice versa, because it does not fully account for the different energy systems utilized in these disparate events. Therefore, while a valuable tool for benchmarking and identifying an athlete's best event within a certain range, a coach would likely use it in conjunction with other metrics and their own judgment, rather than relying on it as an absolute predictor for all distances.",
TrainingPeaks race time predictor and performance management tools,TrainingPeaks Race Predictor (Normalized Graded Pace / rTSS),https://www.trainingpeaks.com/,"The TrainingPeaks race predictor relies heavily on the Normalized Graded Pace (NGP) algorithm, developed by Dr. Stephen McGregor. NGP adjusts the raw pace reported by a GPS device to reflect the changes in grade and intensity that contribute to the physiological cost of running on varied terrain. The core method involves an exponential weighting step based on the relationship between exercise intensity and lactate accumulation. This is similar to the Normalized Power (NP) calculation in cycling. The algorithm takes the raw speed and grade data, typically using a 30-second moving average, and applies an exponential weighting (often raising the data to the 4th power, similar to NP) to account for the disproportionate physiological strain of higher intensity efforts. This adjusted pace is then used to calculate the Running Training Stress Score (rTSS), which quantifies the training load relative to the runner's Functional Threshold Pace (FTP). The race prediction itself often uses a variation of the Riegel formula (T2 = T1 * (D2/D1)^1.06) or similar algorithms, combined with the athlete's current fitness level (CTL) and FTP, to project performance at different distances.",Typically 1500m to Marathon (based on standard prediction models integrated into the platform),"Recent race or test time, distance of the recent effort, target race distance, Functional Threshold Pace (FTP) or threshold heart rate, GPS data (pace, elevation/grade) from training runs","Predicted race finish time, predicted race pace, Normalized Graded Pace (NGP) for training runs, Running Training Stress Score (rTSS), Fitness (CTL), Fatigue (ATL), and Form (TSB) metrics","TrainingPeaks and its associated prediction models are primarily designed for endurance events (typically 1500m and up). They do not handle pure sprint events (100m, 200m, 400m) well, as the underlying physiological assumptions (like the Riegel formula's 1.06 exponent and the NGP's focus on lactate threshold) break down for short, purely anaerobic efforts. It generally does not attempt accurate sprint prediction from distance times, as the energy systems used are fundamentally different.","A major documented weakness of race predictors, including those used by TrainingPeaks, is their reliance on population averages that do not account for individual muscle fiber composition (fast-twitch vs. slow-twitch). Fast-twitch dominant runners often find that calculators over-predict their marathon times based on short race inputs (e.g., a fast 5K predicts an unrealistically fast marathon). Conversely, slow-twitch dominant runners may find their sprint or short-distance times under-predicted based on longer race inputs. Additionally, the predictions assume 'appropriate training for the distance,' meaning a runner with low weekly mileage will likely fail to hit a marathon prediction generated from a 5K time. The calculators also generally fail to account for race-day variables such as weather (wind, temperature, humidity) and the specific timing of hills on the course, often presenting a 'best-case scenario' that requires perfect pacing execution.","Accounts for different energy systems primarily through the exponential weighting of intensity in the NGP calculation, which reflects the non-linear accumulation of blood lactate at higher intensities (shifting from aerobic to glycolytic). It also uses specific training zones (e.g., Joe Friel's 7 zones or 80/20 polarized zones) that target different physiological adaptations.","The most unique feature is the integration of Normalized Graded Pace (NGP) and Running Training Stress Score (rTSS), developed by Dr. Stephen McGregor. Unlike simple pace calculators, TrainingPeaks adjusts training pace for elevation changes and the exponential physiological cost of intensity, allowing for a highly accurate quantification of training load over time. This feeds into the Performance Management Chart (PMC), which tracks Fitness (CTL), Fatigue (ATL), and Form (TSB), allowing athletes to predict peak performance readiness rather than just a theoretical race time.",7,"A knowledgeable track/XC coach would likely have mixed feelings about the TrainingPeaks race predictor. On one hand, the underlying Normalized Graded Pace (NGP) algorithm created by Dr. Stephen McGregor is highly respected because it accounts for the physiological cost of running on varied terrain, adjusting pace based on grade and intensity. It uses an exponential weighting step based on the relationship between intensity and lactate accumulation, similar to Normalized Power in cycling. This makes it a sophisticated tool for analyzing training stress (rTSS) and managing performance. However, coaches know that predicting race times, especially for longer distances like the marathon, is fraught with variables that algorithms struggle to capture fully, such as individual muscle fiber composition (fast-twitch vs. slow-twitch), training volume, weather conditions, and pacing execution. While the tool is excellent for tracking fitness and managing training load, its race predictions are often viewed as best-case scenarios that require a well-executed race and optimal conditions. Therefore, a coach would trust it as a training management tool but take its specific race time predictions with a grain of salt, using them as a baseline rather than an absolute guarantee.",
Strava estimated best efforts and fitness/freshness tools,Strava Performance Predictions and Fitness/Freshness,https://www.strava.com,"Strava utilizes two distinct methodologies for its tools. For the Fitness/Freshness chart, it employs an impulse-response model originally developed by Dr. Eric W. Banister and later adapted by Dr. Andy Coggan. The Fitness score (analogous to Chronic Training Load) is an exponentially weighted moving average of daily Training Load over approximately 42 days, decaying at about 2.5% per day if inactive. Fatigue (Acute Training Load) is a shorter-term moving average over about 7 days. Form is calculated as Fitness minus Fatigue. Training Load is derived from power data, or Relative Effort based on heart rate/perceived exertion. For Performance Predictions, Strava uses a proprietary machine learning model trained on over 100 athlete data attributes, including all-time run history and top performances, comparing the user to athletes with similar training histories rather than relying on theoretical inputs like estimated VO2 max.",400m to 50k,"GPS activity data, Heart rate data, Power meter data, Perceived exertion input","Estimated race completion times (5K, 10K, Half Marathon, Marathon), Fitness score, Fatigue score, Form score, Lifetime best efforts, Annual best efforts","Strava completely ignores sprint events under 400m. Its Best Efforts tracking begins at 400m and extends up to 50k. It does not attempt to predict sprint times (100m, 200m) from distance times, nor does it provide performance predictions for any distance shorter than 5K. The platform is fundamentally designed for endurance athletes rather than sprinters.","Strava's tools have several documented weaknesses. The Performance Predictions model assumes a flat, track-like course and does not account for terrain, altitude, or weather conditions, which can lead to overly optimistic marathon predictions for runners training on hilly terrain. The Fitness/Freshness model heavily relies on accurate FTP (Functional Threshold Power) or maximum heart rate settings; incorrect settings render the scores meaningless. Furthermore, the Best Efforts feature uses elapsed time rather than moving time, meaning any stops during a run will negatively impact the recorded effort. The system also completely ignores sprint distances under 400m, making it useless for short sprinters. Finally, the AI predictions require a minimum of 20 runs in 24 weeks, which can be restrictive for athletes returning from injury or those who cross-train heavily.",None - treats all distances as single continuum,"Unlike traditional calculators that rely on theoretical formulas like VO2 max estimates or the Riegel formula, Strava's Performance Predictions use a machine learning model based on the actual historical data of millions of athletes. It compares your training history to others with similar profiles to generate realistic predictions. Additionally, the integration of the Fitness/Freshness chart directly with social and segment data provides a holistic view of an athlete's progression within a community context, automatically filling in gaps using Relative Effort when power data is unavailable.",6,"A knowledgeable track/XC coach would likely have mixed feelings about Strava's tools. On one hand, the Fitness/Freshness chart is based on the well-established Banister impulse-response model (similar to TrainingPeaks' CTL/ATL/TSB), which coaches respect for tracking training load and periodization. However, the reliance on heart rate or perceived exertion when power data is absent can introduce significant inaccuracies. Regarding Performance Predictions, coaches are often skeptical of machine learning models that do not account for course terrain, weather, or race-day psychology. Furthermore, Strava's lack of support for sprint distances (under 400m) and its focus on elapsed time rather than moving time for Best Efforts can frustrate coaches who need precise track data. Overall, while useful for general fitness tracking, it lacks the precision required for elite coaching.",
RunnerConnect race calculator and McMillan Running Calculator (Greg McMillan),McMillan Running Calculator,https://www.mcmillanrunning.com/,"The McMillan Running Calculator does not use a single, simple mathematical equation like the Riegel formula (T2 = T1 x (D2/D1)^1.06). Instead, it uses a proprietary, complex algorithm developed by Greg McMillan in the mid-1990s. The method is a combination of real-world performance data and physiological data, specifically the correlation between blood lactate levels and running performance. It estimates equivalent race performances and optimal training paces by comparing a runner's current race time against a vast database of performances and physiological benchmarks. While the exact mathematical formula is kept proprietary, it functions as a sophisticated lookup table and interpolation system that adjusts for the non-linear nature of human performance across different distances, rather than relying on a fixed exponent.",100m to 100 Miles,"Recent race distance, Recent race time (hours, minutes, seconds), Goal race time (optional), Runner type (Speedster or Endurance Monster)","Equivalent race times for distances from 100m to 100 miles, Optimal training pace ranges for Endurance workouts (recovery jogs, long runs, easy runs), Stamina workouts, Speed workouts, and Sprint workouts","The McMillan Running Calculator does attempt to handle sprint events, providing equivalent performance estimates for distances as short as 100m, 200m, 400m, and 500m. It also provides specific 'Sprint Workout' pace ranges. However, McMillan notes that these sprint equivalents are 'just educated guesses' because genetic endowment of fast-twitch muscle fibers plays a much greater role in pure sprinting ability than aerobic training. The calculator allows users to select if they are a 'Speedster' or 'Endurance Monster' to slightly adjust the pace ranges for speed and sprint workouts, acknowledging the difficulty of predicting sprint times from distance performances.","The primary documented weakness of the McMillan Running Calculator, which Greg McMillan himself acknowledges, is its handling of individual muscle fiber composition differences. For 'speedsters' (fast-twitch dominant runners), the calculator often over-predicts their performance at longer distances like the marathon, as they struggle to maintain the predicted pace. Conversely, for 'endurance monsters' (slow-twitch dominant runners), it may under-predict their sprint and short-distance times, as their 5K times might look slow compared to their marathon capabilities. Additionally, like most calculators, it assumes 'appropriate training for the distance' and ideal race conditions, failing to account for factors like weekly mileage, wind, temperature, humidity, and course elevation, which can significantly impact actual race times.","The McMillan Running Calculator implicitly accounts for different energy systems by categorizing training paces into four distinct zones: Endurance, Stamina, Speed, and Sprint. These zones correspond to the primary energy systems used during running. Endurance and Stamina workouts primarily target the aerobic system. Speed workouts target the glycolytic (anaerobic) system, improving VO2 max and lactate threshold. Sprint workouts target the ATP-CP (phosphagen) system and neuromuscular recruitment. By providing specific pace ranges for each of these zones, the calculator acknowledges that different physiological adaptations are required for different race distances and that a single continuum model is insufficient for optimal training.","A key unique feature of the McMillan Running Calculator is its classification of runners into 'Speedsters' and 'Endurance Monsters'. This allows the calculator to provide slightly different optimal training pace ranges for Speed and Sprint workouts based on the runner's natural physiological tendencies (fast-twitch vs. slow-twitch dominance). Another unique aspect is its comprehensive output, providing not just race predictions but a full suite of optimal training pace ranges categorized into Endurance, Stamina, Speed, and Sprint zones, effectively serving as a complete training pace guide rather than just a race predictor.",8,"A knowledgeable track/XC coach would likely trust the McMillan Running Calculator as a solid baseline tool, but with caveats. Greg McMillan is a highly respected coach and exercise physiologist, and his calculator is built on a combination of real-world performances and physiological data (including blood lactate levels). It provides a comprehensive set of training paces (Endurance, Stamina, Speed, Sprint) which coaches find very useful for structuring workouts. However, experienced coaches know that no calculator is perfect. They would trust it as a starting point but would adjust based on the individual athlete's profile (fast-twitch vs. slow-twitch dominance), training history, and environmental factors. The calculator's tendency to over-predict marathon times for speed-oriented runners and under-predict sprint times for endurance runners is a known limitation that a good coach would account for.",
Tinman Running Calculator (Tom Schwartz) and his critical velocity approach,Tinman Running Calculator,https://www.finalsurge.com/tinman-calculator,"The exact mathematical formula used by the Tinman Running Calculator is proprietary and not publicly published in full mathematical notation. However, the algorithmic method is based on Tom Schwartz's concept of Critical Velocity (CV), which he defines as the pace a runner can sustain for about 30 to 45 minutes (roughly 90% of VO2 max or slightly faster than lactate threshold). The calculator uses a recent race performance to establish a baseline fitness level, then applies proprietary coefficients to extrapolate equivalent race times across different distances and to calculate specific training paces (Recovery, Easy, Moderate, Tempo, MLSS/Threshold, CV, Aerobic Power, VO2 max, etc.). It essentially maps a single performance onto a physiological curve to predict capabilities across the endurance spectrum.",100m to 100 miles,"Race Distance, Race Time, Gender","Race Splits, Training Paces by Intensity (Recovery, Easy, Moderate, Tempo, MLSS/Threshold, CV, Aerobic Power, VO2 max, Mixed Zone, Anaerobic Capacity, Anaerobic Power, Speed Endurance, Speed), Equivalent Race Times (100m to 100 miles)","The calculator does attempt to handle sprint events (100m, 200m, 400m) by providing both equivalent race times and specific training paces (Speed, Speed Endurance, Anaerobic Power) for these distances. However, it predicts these sprint times based on distance inputs (e.g., predicting a 100m time from a 5K input). This is generally considered a weakness, as sprint performance is heavily dependent on neuromuscular power and anaerobic capacity, which cannot be accurately extrapolated purely from aerobic endurance performances.","A primary documented weakness of the Tinman calculator, common to many running calculators, is its handling of the sprint-to-distance transfer. Because it relies on a single race input to extrapolate across all distances, it assumes a standard physiological profile. It tends to over-predict marathon times for runners who are fast at shorter distances (like 5K) but lack the specific aerobic endurance or muscular resilience for the marathon. Conversely, it can under-predict sprint times (100m-400m) for distance runners, as pure speed relies heavily on neuromuscular factors and fast-twitch muscle fibers that aren't accurately reflected in a 5K or 10K time. It assumes an 'ideal' runner who is equally trained across all energy systems.","The calculator is highly aware of different energy systems, as evidenced by its specific training pace outputs. It categorizes paces into distinct physiological zones: Recovery, Easy, Moderate, Tempo, MLSS/Threshold (glycolytic/aerobic boundary), CV (Critical Velocity - targeting Type IIa muscle fibers), Aerobic Power, VO2 max (maximum aerobic capacity), Mixed Zone, Anaerobic Capacity, Anaerobic Power, Speed Endurance, and Speed (ATP-CP/glycolytic). This demonstrates a nuanced approach to targeting specific energy systems through varied training intensities.","The most unique feature of the Tinman calculator is its emphasis on and specific calculation of 'Critical Velocity' (CV) pace. Tom Schwartz popularized CV training (typically 10K pace or the pace sustainable for ~30-45 minutes) as the optimal intensity for improving Type IIa (fast-twitch oxidative) muscle fibers without causing excessive fatigue. The calculator specifically outputs this CV pace, along with a very granular breakdown of other training intensities (like MLSS, Aerobic Power, and Mixed Zone) that are not typically found in standard calculators like McMillan or Jack Daniels.",8,"A knowledgeable track/XC coach would generally trust this tool's output for middle and long-distance runners, particularly for setting training paces. Tom Schwartz is a highly respected coach who has trained elite athletes, and his Critical Velocity (CV) concept is widely adopted in the running community. The calculator provides very specific, actionable training paces (like CV, Tempo, Aerobic Power) that align well with modern endurance training philosophy. However, a coach might be skeptical of its sprint predictions (100m-400m) when derived from long-distance inputs, as endurance and sprint capabilities rely on different physiological traits. Overall, for its primary purpose—prescribing endurance training paces—it is highly credible.",
IAAF/World Athletics scoring tables and age-grading calculators (Alan Jones WMA tables),IAAF/World Athletics Scoring Tables and WMA Age-Grading Calculators,https://worldathleticsscores.com/ (WA Points) and https://runbundle.com/tools/age-grading-calculator (Age-Grading),"The IAAF scoring tables use specific mathematical formulas to calculate points for different events. For track events (running), the formula is P = a * (b - T) ^ c, where P is the points score, T is the performance time in seconds, and a, b, and c are event-specific parameters (constants). For jumping events, the formula is P = a * (M - b) ^ c, where M is the measurement in centimeters. For throwing events, the formula is P = a * (D - b) ^ c, where D is the distance in meters. The parameters a, b, and c are derived through statistical analysis (polynomial regression) of world-class performances and are periodically updated by World Athletics. \n\nFor WMA age-grading, the core formula involves calculating an age-grading percentage. The formula is: Age-grading percentage = (Age-standard time / Athlete time) * 100. The Age-standard time is derived from the Open-class-standard (the world record or best possible time for a senior athlete) divided by an Age-factor. The Age-factor is a value equal to 1 or less, determined by statistical analysis of performances across different age groups. For time-based events, the age-graded result is calculated as Athlete time * Age-factor.","All standard track and field events (e.g., 100m to 10,000m) and road running events (e.g., 5km to Marathon, and up to 500 miles for some age-grading calculators).","Event/Distance, Gender, Performance (Time/Distance/Height), Age (for age-grading)","IAAF Points Score, Age-Graded Time, Age-Grading Percentage, Open-Class Standard, Age-Standard","The calculators handle sprint events (100m, 200m, 400m) by using specific parameters (a, b, c) for each event in the IAAF scoring formula, or specific age-factors in the WMA age-grading tables. They evaluate sprint performances independently based on statistical data for those specific events. They do not attempt to predict sprint times from distance times or vice versa; they only provide a point score or age-grading percentage to allow for comparison of the relative quality of the performances.","A documented criticism of the IAAF scoring tables is that they are based on statistical distributions of elite performances rather than physiological models. This can lead to disproportionate scores across different events, especially as world records evolve. For example, some researchers argue that the tables undervalue certain sprint performances compared to endurance events, or vice versa, depending on the era and the specific parameters used. \n\nFor WMA age-grading, a known weakness is that the factors are influenced by the depth of competition in different age groups. Older age groups have fewer competitors, which can result in \""softer\"" records and age-factors that may over-reward performances compared to younger, more competitive age groups. Additionally, the tables do not account for individual physiological differences or the fact that endurance athletes may peak later than sprinters. The system also struggles with outlier performances, such as those by exceptional masters athletes, which can skew the statistical curve. It does not explicitly attempt sprint-to-distance transfer predictions.",None - treats all distances as single continuum based on statistical performance data rather than physiological energy systems.,"The unique feature of these tools is their official status and comprehensive statistical foundation. The IAAF scoring tables are the official method used by World Athletics for world rankings and combined events (like the decathlon). The WMA age-grading tables are the official standard for masters athletics, allowing for direct comparison of performances across different ages, genders, and events using a single percentage metric. They are based on the most extensive database of global athletics performances available.",9,"A knowledgeable track/XC coach would highly trust this tool's output because it is the official scoring system used by World Athletics (formerly IAAF) and World Masters Athletics (WMA). The tables are based on extensive statistical analysis of world-class performances across all events and age groups. Coaches use these tables to compare performances across different events (e.g., a 100m sprint vs. a 1500m run) and to evaluate the relative quality of performances by athletes of different ages and genders. The age-grading factors, maintained by statisticians like Alan Jones, are widely accepted as the standard for masters athletics. However, coaches also recognize the limitations, such as the fact that the tables are based on elite performances and may not perfectly apply to recreational runners, and that age-grading can sometimes over-reward older athletes in certain events due to a smaller competitive pool. Overall, it is the most authoritative and widely used system in the sport.",
Mercier Score and Canova prediction methods for elite runners,Mercier Score and Canova Prediction Methods,https://jmureika.lmu.build/track/Mercier/instructions.html (Mercier Score) / https://coachsaltmarsh.com/canova-race-pace-calculator/ (Canova Pace Calculator),"The Mercier Score uses a linear fit to the weighted average of the 5th, 10th, 20th, 50th, and 100th World-ranked performances. For track events, the weighted average speed (Vwt = D / Twt) is calculated, and points are assigned based on the equation: Points = A x Vwt + B. For field events, the square root of the performance is used instead of speed. The Canova Prediction Formula for marathon performance is: MP (Marathon Performance, in minutes) = C * (S)^E, where C is the Canova Constant (4800), S is the average speed of all training runs (km/h) distributed across a modulation of speeds between 60% and 110% of Marathon pace, and E is the Power Exponent (-1.3), showing a power law relationship between increasing speed and lower marathon times.",100m to Marathon (Mercier Score covers all track and field events; Canova focuses primarily on Marathon and Half Marathon),"For Mercier Score: Event, Time (Hours, Minutes, Seconds) or Distance/Points. For Canova Formula: Average speed of all training runs (km/h).",Mercier Score: Point value comparing the performance to world-class standards. Canova Formula: Predicted Marathon Performance (in minutes).,"The Mercier Score handles sprint events (100m, 200m, 400m) by calculating the weighted average speed (Vwt = D / Twt) and applying a linear fit to assign points, allowing for comparison between sprints and distance events. The Canova method is primarily focused on distance running (800m to marathon) and does not typically attempt sprint prediction from distance times, though it uses supramaximal speeds (>105% of goal race pace) for speed support in distance training.","The Mercier Score's reliance on world rankings means it can be skewed if an event has a weak year, and it may not perfectly translate to non-elite runners. The Canova prediction formula's main weakness is its assumption that average training speed is the primary predictor of marathon success, which may undervalue the importance of volume for some runners and could lead to overtraining if non-elites attempt to match the intensity of elite programs. It may also over-predict marathon times for runners who train fast but lack the endurance for the full distance.","The Canova method is highly aware of energy systems, categorizing training into Regeneration (<80% GRP), Fundamental (80-90% GRP), Special (90-95% GRP for Lactate Threshold), Specific (95-105% GRP for race metabolic demand), and Supramaximal (>105% GRP for speed support). The Mercier Score is a statistical comparison tool and does not explicitly account for energy systems.","The Mercier Score uniquely compares performances across all track and field events (including field events and multi-events) using a statistical analysis of world rankings. The Canova method uniquely prescribes training paces as strict percentages of Goal Race Pace (GRP) rather than current fitness (like VDOT or HR zones), working backward from the goal to stimulate specific adaptations.",8,"A knowledgeable track/XC coach would likely trust the Mercier Score for comparing performances across different events, as it is based on a robust statistical analysis of world-ranked performances and is used by Athletics Canada. However, they might be more cautious with the Canova prediction formula for marathon times, as it relies heavily on average training speed and assumes a specific high-intensity training methodology that may not apply to all runners. The Canova method is highly respected for elite marathon training, but its predictive formula based on average training speed is a newer concept that may not be universally accepted without further validation across diverse runner profiles.",
Hansons Marathon Method calculator and Pfitzinger prediction tools,Hansons Marathon Method Calculator / Pfitzinger Pace Tool,https://lukehumphreyrunning.com/hmmcalculator/,"The Hansons Marathon Method calculator primarily uses empirical data and specific pacing charts developed by the Hansons-Brooks Distance Project to determine training paces based on a goal marathon time. It does not rely on a single mathematical formula but rather a set of prescribed paces for different workout types (e.g., easy, tempo, interval) relative to the goal pace. Pfitzinger's tools often utilize Pete Riegel's formula for race time prediction: T2 = T1 x (D2/D1)^1.06, where T1 is the time for a known distance D1, and T2 is the predicted time for distance D2. For training paces, Pfitzinger calculates Lactate Threshold pace by adding roughly 15-35 seconds per mile to a 5K race pace, and sets long run paces at 10-20% slower than marathon pace. Heart rate zones are calculated using the Heart Rate Reserve (HRR) method: (Max HR - Resting HR) x Target % + Resting HR.",5K to Marathon,"Recent race time, Goal race time, Goal distance, Resting Heart Rate, Max Heart Rate, Environmental conditions (Temperature, Humidity, Wind Speed)","Training paces (Easy, Tempo, Interval, Long Run), Equivalent race times, Lactate Threshold pace, Heart Rate zones, Environmentally adjusted paces","These calculators do not handle sprint events (100m-400m). They are designed specifically for distance running (typically 5K and up) and do not attempt to predict sprint times from distance performances, as the physiological requirements (ATP-CP system, neuromuscular power) are fundamentally different from the aerobic focus of these tools.","A primary weakness is the reliance on Riegel's formula for race prediction, which tends to be overly optimistic for distances beyond a half marathon, often over-predicting marathon performance based on shorter race inputs like a 5K. Conversely, these tools are not designed for sprint prediction and will likely under-predict sprint times if extrapolated from distance inputs, as they do not account for the anaerobic power and neuromuscular factors critical for sprinting. The calculators also assume optimal training for the target distance, which may not be the case for all users.","These tools are highly aware of aerobic and glycolytic energy systems, focusing heavily on lactate threshold and aerobic endurance. They do not specifically account for the ATP-CP system used in pure sprints, treating the distances covered (5K to Marathon) primarily as an aerobic continuum with varying degrees of glycolytic contribution.","The Hansons calculator uniquely incorporates environmental adjustments (temperature, humidity, wind speed) to modify training paces, providing a more realistic target for daily workouts. It also aligns specifically with the Hansons philosophy of cumulative fatigue, offering paces tailored to their specific workout structures. Pfitzinger's tools integrate Heart Rate Reserve (HRR) calculations alongside pace, offering a dual-metric approach to intensity management.",8,"Coaches generally trust these tools for marathon-specific training because they are based on established physiological principles and empirical data from successful marathoners. The Hansons method emphasizes cumulative fatigue and specific pacing, which aligns with modern marathon training philosophies. Pfitzinger's tools are highly regarded for their structured approach to lactate threshold and heart rate zones. However, coaches might be cautious when applying these tools to athletes whose primary focus is shorter distances, as the calculators are heavily skewed towards endurance and may not accurately reflect sprint capabilities or the specific demands of shorter races. The reliance on Riegel's formula for race prediction is standard but known to have limitations, especially when extrapolating from very short to very long distances or vice versa.",
Stryd Critical Power running power meter predictions and power-duration curve,Stryd Critical Power and Race Power Calculator,https://www.stryd.com/,"Stryd's core method revolves around the Power-Duration Curve (PDC) and Critical Power (CP). The exact proprietary algorithm is not fully public, but it is based on the established mathematical model of Critical Power, which describes the relationship between power output and time to exhaustion. The model extracts the likely contribution of three energy systems (immediate, oxidative, and nonoxidative) to predict energy production for different durations. The Race Power Calculator specifically uses a formula that combines the user's Critical Power, their personal 'Fatigue Factor' (how quickly power decreases over time, essentially the slope of the PDC), and the characteristics of their Model Curve. For estimating race power based on a 10k, a simplified linear estimation formula is provided: % 10k power = -0.325 * race distance (km) + 103.25. The auto-calculated CP requires maximal efforts across various durations (e.g., 10s, 2min, 10min, 20min) within a 90-day window to accurately model the curve and determine the threshold where the dominant type of fatigue changes.","1 mile to Marathon (specifically listed in the app: mile, 5k, 10k, Half Marathon, Marathon)","Continuous running data from a Stryd foot pod over the last 90 days, including maximal efforts at various durations (e.g., 10s, 2min, 10min, 20min), user weight, user height, and optionally a race course profile (.fit or .gpx file) for specific race predictions.","Critical Power (Watts), Power Zones (5 zones based on % of CP), Power-Duration Curve (PDC), Target Power for races, Target Time for races, Fatigue Factor.","Stryd handles sprint events by requiring short, explosive maximal efforts (10 to 30 seconds) to accurately model the extreme left side of the Power-Duration Curve. This data is used to estimate the contribution of the immediate energy system (ATP-CP). However, the Race Power Calculator in the app is explicitly designed for endurance events (1 mile to Marathon) and does not provide race predictions for pure sprint events (100m, 200m, 400m). The tool uses sprint data to inform the overall metabolic model and Critical Power, rather than attempting to predict sprint times from distance data or vice versa.","A primary documented weakness is that the race predictions can seem overly optimistic, especially for longer distances like the marathon, if the user has not completed adequately long training runs. The model assumes ideal conditions and that the runner has the muscular endurance and fueling strategy to maintain the predicted power for the entire distance, which is often not the case for amateur marathoners. Additionally, if the 90-day data window lacks true maximal efforts across the required spectrum of durations (short, medium, and long), the Critical Power and subsequent race predictions will be inaccurate. The model also applies a 'depreciation' factor to older runs, meaning a lack of recent hard efforts can artificially lower the modeled curve. Finally, the simplified linear formula for estimating power based on 10k power (% 10k power = -0.325 * race distance (km) + 103.25) is explicitly noted by Stryd as not fully accurate.","Yes, the model explicitly accounts for three major energy sources: immediate energy (ATP-CP), oxidative energy (aerobic), and nonoxidative energy (glycolytic/anaerobic). A change in performance in one duration domain (e.g., a new 3-minute max effort) can cause the model to readjust the estimated contributions of the other systems, thereby updating the Critical Power.","Stryd's most unique feature is its reliance on a physical foot pod to measure running power (in Watts) directly, rather than relying solely on GPS pace or heart rate. This allows for real-time pacing that accounts for hills and wind (with newer pod models). The auto-calculating Power-Duration Curve dynamically updates based on the last 90 days of training, applying a 'depreciation factor' to older runs, meaning it constantly adapts to the runner's current fitness without requiring formal, exhausting CP tests if the training includes varied maximal efforts. It also allows users to upload specific race course profiles (.fit or .gpx) to get a customized target power and time prediction for that exact terrain.",8,"A knowledgeable track/XC coach would likely have mixed feelings but generally trust Stryd's output for endurance events. The primary reason for trust is that Stryd's Critical Power (CP) model is based on well-established physiological principles (the power-duration relationship) and requires actual maximal efforts across different durations (e.g., 10s, 2min, 10min, 20min) to build an accurate Power-Duration Curve. The fact that it dynamically updates based on the last 90 days of training data means it adapts to a runner's current fitness level. However, coaches might be skeptical of its race predictions for distances significantly longer than the athlete's longest training runs (e.g., predicting a marathon from only 10k data), as the model assumes ideal conditions and a linear fatigue factor that may not account for muscular endurance or fueling issues in a marathon. Additionally, the reliance on power rather than pace can be a paradigm shift for traditional coaches. Overall, it is a highly respected tool in the running community, especially for pacing on hilly courses or in windy conditions, but it requires accurate data input to be reliable.",
VDOT O2 app by Jack Daniels and competing apps like Final Surge race predictor,Jack Daniels VDOT Calculator,https://vdoto2.com/calculator,"The VDOT calculation uses the Daniels-Gilbert formula, a regression equation relating oxygen cost to velocity and sustainable effort over time. The formula is: VDOT = (−4.60 + 0.182258 × V + 0.000104 × V²) ÷ (0.8 + 0.1894393 × e^(−0.012778×T) + 0.2989558 × e^(−0.1932605×T)), where V is velocity in meters per minute, T is time in minutes, and e is Euler's number (2.718...). The numerator estimates the oxygen cost at a given running velocity, while the denominator calculates the fraction of VO2max a runner can sustain for a given duration. This creates a pseudo-VO2max value that incorporates both aerobic capacity and running economy into a single performance index.","1500m to Marathon (some versions include 800m to 50K, but it is most accurate for 3K to Half Marathon)","Recent race distance, Recent race time","VDOT score, Equivalent race predictions for other distances, Training paces (Easy, Marathon, Threshold, Interval, Repetition)","The VDOT calculator is not designed for pure sprint events (100m, 200m, 400m). While it provides 'Repetition' (R) paces for 200m and 400m intervals to improve speed and running economy, these are meant as training paces for distance runners, not as all-out sprint predictions. It does not accurately predict sprint times from distance inputs, as it relies on aerobic capacity and VO2max models, which do not apply to the ATP-CP and highly anaerobic energy systems used in short sprints.","The primary weakness of the VDOT calculator is that it assumes the runner is equally well-trained for all distances. It often over-predicts marathon times for runners who have fast 5K/10K times but lack the necessary weekly mileage (e.g., 50+ miles/week) or slow-twitch muscle fiber dominance to sustain that equivalent pace over 26.2 miles. It does not account for individual muscle fiber composition (fast-twitch vs. slow-twitch), environmental factors (unless manually adjusted), or course difficulty. Furthermore, it is not designed for and under-predicts or fails to accurately model pure sprint events (100m-400m), as it is fundamentally an aerobic and endurance-based model.","Accounts for different energy systems through specific training zones: Easy/Marathon (aerobic base), Threshold (lactate threshold/glycolytic clearance), Interval (VO2max/aerobic power), and Repetition (anaerobic power, speed, and economy). It does not explicitly model the ATP-CP system for pure sprints.","Unlike simple mathematical scaling formulas (like Riegel's), VDOT provides a holistic 'pseudo-VO2max' score that combines aerobic capacity with running economy. It uniquely translates a single race performance into five distinct, scientifically-backed training zones (Easy, Marathon, Threshold, Interval, Repetition), giving runners exact paces for specific physiological adaptations rather than just race predictions.",9,"A knowledgeable track/XC coach would highly trust the VDOT calculator for middle and long-distance training (1500m to marathon). It is based on decades of scientific research by Dr. Jack Daniels and Jimmy Gilbert, translating race performances into actionable training paces (Easy, Marathon, Threshold, Interval, Repetition) that target specific physiological adaptations. Coaches appreciate its structured approach to preventing overtraining and ensuring workouts have a clear purpose. However, a coach would be cautious about using it for pure sprint events or for predicting marathon times for runners who lack the necessary weekly mileage or endurance base, as it assumes optimal training for the predicted distance.",
"RunBayou calculator, LetsRun prediction tools, and any other niche running calculators or sprint-to-distance conversion tools",RunBayou VDOT Calculator (Jack Daniels VDOT Calculator),http://runbayou.com/jackd.htm (Also widely available at https://vdoto2.com/calculator),"The calculator uses the Daniels-Gilbert formula to calculate a VDOT score, which is a pseudo-VO2max value representing running fitness (combining aerobic capacity and running economy). The core formula is a regression equation relating oxygen cost to velocity and sustainable effort over time: VDOT = (−4.60 + 0.182258 × V + 0.000104 × V²) ÷ (0.8 + 0.1894393 × e^(−0.012778×T) + 0.2989558 × e^(−0.1932605×T)). In this equation, V is velocity in meters per minute, T is time in minutes, and e is Euler's number (approximately 2.718). The numerator estimates the oxygen cost at a given running velocity, while the denominator calculates the fraction of VO2max that can be sustained for a given duration.","1500m to Marathon (Some versions allow inputs down to 800m, but it is primarily designed for 1500m/1 Mile and up)","Recent race distance, Recent race time","VDOT score, Equivalent race performances (predicted times for other distances from 1500m to Marathon), Training paces (Easy, Marathon, Threshold, Interval, Repetition)","The calculator does not handle pure sprint events (100m, 200m, 400m). It is designed for middle and long-distance running (typically 1500m and up, sometimes 800m). It does not attempt to predict sprint times from distance times, nor does it predict distance times from sprint inputs, because the underlying formula is based on aerobic capacity (VO2max) and running economy, which are not the primary limiting factors in sprinting.","The primary weakness of the VDOT calculator is that it assumes equal training specificity across all distances. If an athlete inputs a 5K time, the calculator assumes they have done the necessary long runs and endurance work to achieve the predicted marathon time, which often leads to over-predicting marathon performance for athletes who lack aerobic endurance. Conversely, it can under-predict shorter distance times for athletes with strong fast-twitch muscle fibers but poor aerobic bases. It completely fails for sprint-distance transfer because it relies on aerobic parameters (VO2max and running economy) rather than anaerobic power and neuromuscular speed.","The calculator is primarily focused on the aerobic energy system. It uses VDOT (a pseudo-VO2max) to determine training paces that target specific physiological adaptations: Easy (aerobic base), Marathon (race-specific endurance), Threshold (lactate clearance), Interval (VO2max development), and Repetition (speed and running economy). It does not explicitly model the ATP-CP or glycolytic systems for short sprints, treating performance primarily through an aerobic and running economy lens.","Unlike simple pace calculators, the RunBayou/VDOT calculator provides a single fitness metric (VDOT) that normalizes performance across different distances. It uniquely prescribes five specific training paces (Easy, Marathon, Threshold, Interval, Repetition) based on this score, each designed to elicit a specific physiological adaptation according to Jack Daniels' training philosophy. It also allows athletes to track their fitness progress over time by comparing VDOT scores from different races.",9,"A knowledgeable track/XC coach would highly trust this tool for distance events (1500m to Marathon) because it is based on the scientifically validated Daniels-Gilbert formula, which accounts for both VO2max and running economy. Dr. Jack Daniels is a world-renowned exercise physiologist and coach. The system provides specific, actionable training paces (Easy, Marathon, Threshold, Interval, Repetition) that target specific physiological adaptations. However, a coach would not trust it for sprint events (100m-400m) as the formula is purely aerobic and does not account for the anaerobic power and neuromuscular mechanics required for sprinting. Coaches also know that predictions for longer distances (like the marathon) based on short races (like a 5K) can be overly optimistic if the athlete lacks the specific endurance training.",
